{"699586418":{"id":699586418,"username":"lewis | work","balance":0,"sold":0,"check":0,"withdrawn":0,"nitrosold":[],"wait":{},"with_data":{}},"854646286":{"id":854646286,"username":"kadzumi","balance":0,"sold":0,"check":0,"withdrawn":0,"nitrosold":[],"wait":{},"with_data":{}},"891776437":{"id":891776437,"username":"лохматий","balance":0,"sold":0,"check":0,"withdrawn":0,"nitrosold":[],"wait":{},"with_data":{"system":"Qiwi"}},"982613434":{"id":982613434,"username":"newix","balance":0,"sold":0,"check":0,"withdrawn":0,"nitrosold":[],"wait":{},"with_data":{}},"1020006918":{"id":1020006918,"username":"Nezyko | Work","balance":0,"sold":0,"check":0,"withdrawn":0,"nitrosold":[],"wait":{},"with_data":{"system":"Lava"}},"1079578196":{"id":1079578196,"username":"Quizz.kk // Работаю 10:00 - 00:00 МСК","balance":0,"sold":0,"check":0,"withdrawn":0,"nitrosold":[],"wait":{},"with_data":{}},"1140381788":{"id":1140381788,"username":"GGG | скуп проспама","balance":0,"sold":0,"check":0,"withdrawn":0,"nitrosold":[],"wait":{},"with_data":{}},"1166603930":{"id":1166603930,"username":"Negative","balance":0,"sold":0,"check":0,"withdrawn":0,"nitrosold":[],"wait":{},"with_data":{}},"1437809380":{"id":1437809380,"username":"xFuze_tea☔","balance":0,"sold":0,"check":0,"withdrawn":0,"nitrosold":[],"wait":{},"with_data":{}},"1615826492":{"id":1615826492,"username":"skor | скупаю токены","balance":0,"sold":0,"check":0,"withdrawn":0,"nitrosold":[],"wait":{},"with_data":{"system":"Qiwi","number":"+37378183830"}},"1746693106":{"id":1746693106,"username":"фунтик","balance":0,"sold":0,"check":0,"withdrawn":0,"nitrosold":[],"wait":{"sellgift":83},"with_data":{}},"1763546289":{"id":1763546289,"username":"Mofi | Work [СКУПАЮ ТОКЕНЫ]","balance":0,"sold":0,"check":0,"withdrawn":0,"nitrosold":[],"wait":{"admin_withdrawn_list":{"page":0,"user":null,"id":"467503"}},"with_data":{}},"1822781892":{"id":1822781892,"username":"-nexil |","balance":0,"sold":0,"check":0,"withdrawn":0,"nitrosold":[],"wait":{},"with_data":{}},"1874390010":{"id":1874390010,"username":"Nime","balance":0,"sold":0,"check":0,"withdrawn":0,"nitrosold":[],"wait":{"admin_withdrawn_list":{"page":0,"user":null}},"with_data":{}},"1929416099":{"id":1929416099,"username":"Ergo","balance":0,"sold":0,"check":0,"withdrawn":0,"nitrosold":[],"wait":{},"with_data":{}},"1961133345":{"id":1961133345,"username":"Cher1a","balance":0,"sold":0,"check":0,"withdrawn":0,"nitrosold":[],"wait":{},"with_data":{}},"2130436834":{"id":2130436834,"username":"Crintees","balance":0,"sold":0,"check":0,"withdrawn":0,"nitrosold":[],"wait":{},"with_data":{}},"5730199579":{"id":5730199579,"username":"ㅤ ㅤ ㅤ ㅤ","balance":0,"sold":0,"check":0,"withdrawn":0,"nitrosold":[],"wait":{},"with_data":{}},"5745697169":{"id":5745697169,"username":"Mimo","balance":0,"sold":0,"check":0,"withdrawn":0,"nitrosold":[],"wait":{},"with_data":{}},"6138498996":{"id":6138498996,"username":"Kero | Work","balance":350,"sold":2,"check":0,"withdrawn":80,"nitrosold":[],"wait":{},"with_data":{"system":"Lava","number":"R10335561"}},"6115843708":{"id":6115843708,"username":"Сын Буквы Е | 12:00 - 0:00","balance":0,"sold":0,"check":0,"withdrawn":0,"nitrosold":[],"wait":{},"with_data":{}},"6288941202":{"id":6288941202,"username":".","balance":0,"sold":0,"check":0,"withdrawn":0,"nitrosold":[],"wait":{},"with_data":{}},"5450238884":{"id":5450238884,"username":"Rostor","balance":0,"sold":0,"check":0,"withdrawn":0,"nitrosold":[],"wait":{},"with_data":{}},"5211250651":{"id":5211250651,"username":"Tokyo / Cкупаю платеги","balance":0,"sold":0,"check":0,"withdrawn":0,"nitrosold":[],"wait":{},"with_data":{}},"5033411376":{"id":5033411376,"username":"abc","balance":0,"sold":0,"check":0,"withdrawn":0,"nitrosold":[],"wait":{},"with_data":{"system":"Lava"}},"5926768306":{"id":5926768306,"username":"Lazur","balance":0,"sold":0,"check":0,"withdrawn":0,"nitrosold":[],"wait":{},"with_data":{}},"5707778811":{"id":5707778811,"username":"flame | чилл","balance":0,"sold":0,"check":0,"withdrawn":0,"nitrosold":[],"wait":{},"with_data":{}},"5510070231":{"id":5510070231,"username":"илон кварт","balance":0,"sold":0,"check":0,"withdrawn":0,"nitrosold":[],"wait":{},"with_data":{}},"5161099142":{"id":5161099142,"username":"Doni","balance":0,"sold":0,"check":0,"withdrawn":0,"nitrosold":[],"wait":{},"with_data":{}},"5012050525":{"id":5012050525,"username":"Буква Е","balance":0,"sold":0,"check":0,"withdrawn":0,"nitrosold":[],"wait":{},"with_data":{}},"5462576994":{"id":5462576994,"username":"Bazelin // Работаю с 14:00 - 00:00 (МСК)","balance":0,"sold":0,"check":0,"withdrawn":0,"nitrosold":[],"wait":{"sellgift":267},"with_data":{}},"5441316486":{"id":5441316486,"username":"ꑭ Ладно ꑭ","balance":5,"sold":1,"check":0,"withdrawn":130,"nitrosold":[],"wait":{},"with_data":{"system":"Qiwi","number":"+375299706869"}},"5336729768":{"id":5336729768,"username":"عصعرمب","balance":0,"sold":0,"check":0,"withdrawn":0,"nitrosold":[],"wait":{},"with_data":{}}}