[{"wid":"233259","id":6138498996,"sum":80,"status":"success","system":"Lava","number":"R10335561"},{"wid":"078143","id":6138498996,"sum":80,"status":"canceled","system":"Lava","number":"R10335561"},{"wid":"193536","id":6138498996,"sum":270,"status":"canceled","system":"Lava","number":"R10335561"},{"wid":"461888","id":6138498996,"sum":135,"status":"created","system":"Lava","number":"R10335561"},{"wid":"467503","id":5441316486,"sum":130,"status":"success","system":"Qiwi","number":"+375299706869"}]